{
  "bias": -0.10419202212513202,
  "features": [
    "url_len",
    "domain_len",
    "path_len",
    "dots",
    "hyphens",
    "at_symbols",
    "slashes",
    "digits_ratio",
    "is_ip",
    "entropy",
    "has_keywords",
    "suspicious_tld",
    "multi_subdomains",
    "https_in_domain",
    "url_encoded"
  ],
  "means": [
    0.32213481509798036,
    0.21941029771819165,
    0.2960669524615679,
    0.3322312632923451,
    0.2039269493669734,
    0.0037044116174717165,
    0.39934793557175663,
    0.07343960963468488,
    0.014312499431140721,
    0.7403933894803758,
    0.07273738118425882,
    0.01146592760469286,
    0.055258990252027414,
    0.00022981914825838043,
    0.02639962136726465
  ],
  "scales": [
    0.19457144347303387,
    0.1049835029345033,
    0.25169083173054535,
    0.18533356752088048,
    0.33450521530808025,
    0.06075104074861645,
    0.23493374443420412,
    0.10980712789460906,
    0.11877563635348083,
    0.08132576450223089,
    0.2042957255220257,
    0.10646342145947031,
    0.22848508539586068,
    0.015158045105404397,
    0.16032055812942306
  ],
  "weights": [
    2.3241425244701808,
    -0.38256407171418955,
    -2.3711486498545833,
    0.30207723784957274,
    -0.655922335670735,
    0.15922327693012123,
    0.26519010679649746,
    0.39590208753086525,
    0.7016089650938292,
    0.19675334373279113,
    0.8921717825852,
    0.41578190340011234,
    -0.17797485665894647,
    0.05012824273049096,
    -0.08133069121875432
  ]
}